sample_id,ASV_000,ASV_001,ASV_002,ASV_003,ASV_004,ASV_005,ASV_006,ASV_007,ASV_008,ASV_009,ASV_010,ASV_011,ASV_012,ASV_013,ASV_014,ASV_015,ASV_016,ASV_017,ASV_018,ASV_019,ASV_020,ASV_021,ASV_022,ASV_023,ASV_024,ASV_025,ASV_026,ASV_027,ASV_028,ASV_029,ASV_030,ASV_031,ASV_032,ASV_033,ASV_034,ASV_035,ASV_036,ASV_037,ASV_038,ASV_039,ASV_040,ASV_041,ASV_042,ASV_043,ASV_044,ASV_045,ASV_046,ASV_047,ASV_048,ASV_049,ASV_050,ASV_051,ASV_052,ASV_053,ASV_054,ASV_055,ASV_056,ASV_057,ASV_058,ASV_059,ASV_060,ASV_061,ASV_062,ASV_063,ASV_064,ASV_065,ASV_066,ASV_067,ASV_068,ASV_069,ASV_070,ASV_071,ASV_072,ASV_073,ASV_074,ASV_075,ASV_076,ASV_077,ASV_078,ASV_079,ASV_080,ASV_081,ASV_082,ASV_083,ASV_084,ASV_085,ASV_086,ASV_087,ASV_088,ASV_089,ASV_090,ASV_091,ASV_092,ASV_093,ASV_094,ASV_095,ASV_096,ASV_097,ASV_098,ASV_099
S000,4,30,112,171,35,14,7,99,4,6,153,51,14,248,128,92,17,3,143,3,45,18,22,4,17,28,22,21,19,105,31,5,46,8,24,111,166,11,21,8,12,32,28,6,100,123,13,19,108,60,32,39,8,77,24,61,5,23,39,145,26,15,45,102,49,82,62,11,3,153,59,15,228,5,25,98,240,69,32,12,128,26,10,104,116,73,14,39,21,17,72,36,28,48,35,55,122,22,183,19
S001,8,32,63,188,17,8,1,75,8,9,154,49,5,206,44,72,22,11,198,6,17,31,25,13,19,105,5,5,8,130,60,9,22,13,6,85,148,9,16,10,9,32,46,4,120,86,22,19,123,55,35,22,5,56,28,66,5,19,62,130,26,15,31,81,58,60,46,14,6,95,66,7,258,6,6,91,257,78,44,16,192,34,11,151,162,59,6,25,15,12,149,35,20,50,19,78,105,19,132,22
S002,8,50,80,173,24,9,7,96,8,3,156,48,14,215,71,92,16,5,179,6,20,50,13,10,17,81,21,21,8,123,77,13,30,10,4,74,148,18,11,7,14,33,35,16,127,104,32,19,108,40,23,26,6,63,35,51,5,25,47,129,15,31,26,80,59,79,49,19,8,121,59,11,273,5,19,91,199,61,19,15,179,28,13,105,150,37,7,43,15,17,104,32,27,53,33,72,123,22,170,13
S003,9,16,212,137,50,9,6,132,5,5,116,33,21,305,157,88,16,4,122,0,15,44,34,1,23,116,6,14,10,136,42,12,26,16,10,77,110,10,10,6,12,29,25,7,90,116,27,22,126,45,49,29,1,62,22,61,5,17,48,115,27,11,25,69,64,43,40,12,7,97,60,6,269,4,22,102,166,72,26,17,115,24,7,129,122,73,4,48,22,2,138,47,34,43,38,93,91,27,180,29
S004,32,53,43,52,47,28,14,105,8,11,71,83,14,75,60,144,10,8,118,7,45,51,27,13,19,78,21,15,10,157,47,8,19,8,10,83,154,21,14,6,9,22,35,9,126,133,16,15,150,49,32,37,4,82,26,101,3,20,49,165,17,12,30,82,61,74,39,14,5,108,54,22,269,9,23,77,235,82,38,17,217,28,20,123,167,86,7,33,16,14,151,30,27,47,20,71,122,19,164,25
S005,8,48,80,245,20,8,5,78,8,5,170,48,13,172,74,132,12,6,179,7,18,50,27,2,23,91,7,9,10,142,50,11,38,9,3,74,133,13,17,8,12,30,29,13,167,88,29,19,139,45,21,40,8,49,17,84,5,19,40,161,19,15,35,92,53,66,42,11,10,126,54,13,238,4,15,150,285,63,46,19,187,26,8,96,99,68,7,41,16,11,201,28,26,42,24,71,122,18,112,15
S006,5,29,108,137,33,13,5,99,4,7,127,39,20,236,87,87,13,4,155,3,25,29,22,4,19,39,28,28,18,107,42,2,52,4,22,115,172,9,13,3,11,31,36,15,118,135,26,31,119,60,32,28,4,55,35,61,4,24,46,131,20,8,28,89,50,92,42,12,4,137,66,14,341,3,25,97,227,52,28,13,203,21,19,110,115,63,10,40,19,4,115,29,43,31,40,82,90,19,153,19
S007,6,28,115,156,32,8,4,105,11,6,143,42,15,260,84,118,17,6,150,5,25,40,31,9,19,92,13,16,13,128,61,13,27,11,3,68,150,12,21,3,6,44,25,6,123,130,36,17,122,37,27,24,7,73,32,41,5,17,46,121,26,12,31,76,56,47,36,12,3,100,45,7,268,1,24,94,274,70,24,15,180,30,10,77,163,40,3,36,19,9,154,41,30,47,41,51,116,16,106,22
S008,5,46,97,198,27,13,5,98,4,8,142,46,10,222,63,81,18,12,206,8,38,26,19,6,23,36,23,15,16,112,38,9,37,8,9,84,151,10,10,6,15,37,33,6,143,117,32,18,109,48,37,15,6,74,25,61,5,20,53,196,28,30,37,93,57,65,50,11,6,101,72,11,243,2,25,128,228,99,23,8,182,30,19,111,126,50,10,34,5,11,162,25,32,53,42,100,101,16,161,19
S009,12,47,58,91,36,15,11,108,3,10,134,54,9,118,78,110,15,6,145,7,39,18,13,3,20,34,34,15,16,110,39,5,36,7,15,99,153,8,8,9,10,16,20,14,112,136,28,12,92,77,28,18,3,74,20,35,9,28,42,157,22,20,29,67,54,81,31,12,10,115,62,9,293,3,32,91,292,95,31,13,278,27,9,114,138,80,11,59,9,9,135,45,39,42,49,69,136,25,120,29
S010,9,40,65,190,29,16,4,93,5,4,154,63,12,192,65,120,12,5,189,9,22,36,22,10,11,85,11,19,9,141,90,17,22,8,6,83,172,8,13,9,11,26,32,7,103,111,29,23,135,69,28,35,5,69,39,55,6,20,47,166,20,14,43,103,36,44,46,13,5,145,58,9,255,1,19,109,171,109,26,26,156,33,12,110,161,79,7,35,18,11,122,39,43,42,36,48,125,28,153,8
S011,8,42,85,178,21,7,3,88,10,4,164,54,10,176,79,106,15,5,168,3,22,51,27,8,20,92,5,12,17,137,64,12,31,8,4,62,125,18,14,7,4,35,38,6,135,97,19,17,107,72,32,28,5,72,23,86,8,24,34,162,27,15,29,70,48,63,67,23,6,132,62,14,230,5,22,122,300,76,28,14,178,23,10,74,140,51,9,44,26,9,99,37,27,49,33,58,147,20,116,12
S012,6,46,59,187,18,11,4,81,5,9,164,63,13,137,71,102,8,6,156,8,13,58,25,3,21,102,7,14,12,157,47,5,22,14,4,66,181,26,14,5,6,40,26,15,169,115,21,21,133,73,35,38,8,69,30,64,4,20,43,129,19,18,31,75,49,71,49,10,7,127,67,18,221,6,20,125,241,68,29,16,148,27,10,105,129,71,3,33,19,8,122,32,34,74,25,71,114,24,136,20
S013,4,38,68,182,27,10,6,88,8,2,133,46,5,179,78,93,13,5,148,0,11,70,14,16,14,174,17,13,9,154,128,21,16,17,2,48,129,22,19,6,10,25,36,5,129,96,21,14,111,47,27,26,8,60,13,55,6,17,45,181,32,20,32,73,49,45,66,10,4,127,71,10,278,6,25,78,251,83,28,9,156,26,10,130,168,54,8,38,15,11,106,40,30,44,35,87,135,21,184,21
S014,7,28,75,197,17,8,4,88,6,4,193,46,9,207,63,86,14,12,207,8,53,58,14,10,30,56,18,40,7,172,28,14,19,7,9,77,145,7,12,7,11,18,45,10,146,105,29,22,129,59,28,25,4,61,25,57,3,18,48,144,16,18,34,69,53,65,29,18,11,134,74,9,251,5,27,108,162,65,50,11,203,17,7,113,120,68,13,35,13,15,142,45,40,52,30,77,110,41,140,22
S015,10,37,76,274,31,9,5,49,4,6,207,25,16,170,45,251,27,4,308,5,25,44,21,19,10,123,7,6,12,135,45,0,19,14,4,62,141,13,16,7,2,33,35,7,110,96,31,14,122,43,28,22,7,60,22,49,5,17,45,144,13,17,49,69,45,67,38,8,4,117,50,9,202,7,22,119,157,68,34,11,215,17,13,92,118,55,5,39,16,7,123,29,22,43,27,86,97,18,124,13
S016,7,25,91,213,36,4,3,64,2,10,184,45,12,163,59,155,19,7,243,8,47,19,24,2,19,33,19,26,23,95,32,5,50,8,20,96,134,13,17,11,10,29,50,16,113,118,28,16,112,50,33,19,7,61,32,58,4,10,42,133,21,14,33,93,51,80,48,13,6,135,60,9,259,5,18,107,209,94,17,13,169,22,14,108,135,62,7,28,13,11,169,23,27,38,31,80,122,18,177,17
S017,6,14,122,171,28,9,4,123,10,3,200,47,13,262,29,52,23,11,267,9,33,27,21,3,19,35,25,15,19,101,50,1,47,12,13,106,114,11,32,3,6,28,33,13,120,141,28,10,111,69,20,26,1,69,24,56,3,30,33,165,15,13,35,113,40,104,55,11,10,109,80,8,201,4,28,139,199,64,43,12,190,34,10,88,103,57,6,43,17,11,139,33,24,55,35,47,84,23,147,17
S018,4,18,204,97,48,10,5,107,3,13,99,24,25,314,171,107,8,4,107,1,16,58,16,5,23,103,7,10,8,173,36,14,27,10,3,77,158,7,15,7,19,40,43,10,124,118,16,17,132,78,39,20,6,73,19,60,7,18,46,163,12,17,33,84,44,63,47,9,7,143,52,9,279,7,24,110,197,64,30,6,216,20,13,93,111,63,4,31,11,9,143,40,32,51,36,73,121,24,98,17
S019,6,18,159,133,32,5,8,121,3,9,118,36,12,274,126,90,15,9,142,2,17,41,31,6,23,106,9,11,13,133,49,4,22,14,1,69,90,12,14,9,7,37,31,8,103,95,30,16,112,66,31,30,5,66,18,61,7,14,46,171,15,13,35,90,50,56,62,15,4,131,74,9,301,3,34,97,301,84,33,17,206,27,11,98,175,56,6,23,6,12,113,40,49,45,30,69,109,23,147,17
S020,13,46,79,227,34,9,5,57,7,7,227,44,15,193,67,139,22,7,242,7,37,51,21,10,23,81,18,33,7,170,33,12,24,6,7,64,167,19,15,5,9,40,29,12,86,67,34,12,148,66,23,36,6,73,16,46,4,20,48,143,11,9,43,104,69,54,36,12,11,112,80,6,212,2,15,103,259,56,31,20,222,23,12,95,117,47,10,35,17,10,159,35,27,36,42,68,112,22,168,17
S021,4,36,103,162,24,8,10,95,9,7,199,54,13,224,50,76,25,22,227,8,23,44,17,10,13,86,9,10,8,115,72,7,19,14,7,72,132,12,20,4,14,30,26,4,119,125,38,20,128,77,29,25,7,70,24,54,9,26,43,135,18,11,41,79,39,44,47,17,6,105,60,14,296,4,29,166,193,109,34,12,175,22,11,94,128,51,3,41,17,7,146,26,28,62,34,82,126,25,139,24
S022,6,36,87,240,15,14,5,78,8,5,193,38,19,193,60,135,19,11,208,2,27,46,29,5,26,76,14,9,10,131,69,2,34,9,4,70,159,10,12,6,8,35,21,6,110,88,17,14,112,47,24,25,5,54,29,86,6,15,44,152,19,19,27,75,72,82,43,8,2,128,63,14,329,2,15,81,270,45,35,13,267,23,9,93,108,63,9,36,23,11,195,38,38,49,40,95,93,29,113,20
S023,5,26,108,158,21,10,9,108,0,4,183,37,24,247,33,45,28,25,260,6,21,36,26,6,17,90,8,6,11,124,53,8,27,8,4,51,165,14,12,10,10,22,32,3,153,100,23,15,152,45,30,18,4,60,25,60,3,23,37,173,10,25,27,70,44,48,56,17,2,99,65,21,237,6,19,108,193,61,26,7,210,29,5,80,140,57,10,31,31,8,137,28,23,38,35,106,129,18,125,14
S024,10,40,99,276,41,7,2,50,10,3,201,24,15,165,74,250,33,5,327,6,16,40,24,4,12,89,7,14,8,142,61,8,30,14,6,59,116,14,11,4,5,33,27,8,148,120,23,13,145,43,28,13,1,46,24,59,4,22,53,152,21,15,42,83,41,73,31,19,2,91,71,7,304,6,22,111,212,70,22,15,131,35,7,105,90,56,5,51,13,15,107,26,43,46,36,68,136,23,104,9
S025,3,13,176,104,47,6,7,138,3,10,109,29,20,301,151,93,8,3,94,2,18,47,23,3,26,102,5,20,9,150,43,10,32,12,4,61,173,16,17,5,6,36,36,16,113,116,35,15,131,70,32,27,4,75,23,67,2,24,34,137,22,10,27,75,60,60,36,17,3,113,53,12,250,5,19,115,208,81,32,14,204,32,9,124,139,41,9,50,20,12,153,33,36,47,44,92,127,19,153,28
S026,25,53,43,76,51,27,13,79,5,13,111,74,8,85,80,144,14,9,134,6,16,58,31,8,26,115,14,21,13,135,48,9,26,13,1,55,157,15,20,4,10,36,38,10,112,155,19,20,155,68,46,38,4,59,35,78,7,18,59,162,29,10,29,78,43,70,48,21,8,140,69,11,279,5,31,77,255,73,27,11,176,25,11,91,175,72,12,35,30,13,141,48,36,45,46,92,104,18,96,13
S027,2,17,226,113,34,8,4,125,3,11,115,19,25,340,156,117,11,7,112,3,18,51,19,10,18,98,13,15,10,115,84,13,17,16,4,75,127,15,14,5,12,36,28,10,103,127,29,14,110,54,28,19,2,61,30,70,6,16,62,156,22,8,33,102,64,47,36,17,5,126,71,10,201,4,13,120,173,48,30,14,192,27,18,88,97,71,6,51,17,13,120,56,41,39,29,58,101,30,149,22
S028,6,40,87,167,16,18,6,90,6,9,173,46,15,211,57,76,15,11,205,9,18,35,19,6,33,53,25,32,8,131,88,12,16,9,2,67,124,16,18,7,11,29,31,5,129,91,27,14,114,61,27,27,4,45,15,69,8,20,54,190,20,19,28,102,56,46,54,14,5,104,52,12,250,3,16,68,304,66,24,14,183,36,12,134,149,43,9,35,18,9,150,41,31,46,44,58,120,16,107,27
S029,5,35,86,179,19,15,6,101,8,9,186,68,8,203,61,75,18,5,212,9,43,23,26,6,11,39,19,18,26,106,38,3,61,6,17,117,132,14,12,8,8,22,35,8,114,83,24,20,133,62,25,26,6,65,17,76,5,15,58,114,23,13,50,79,50,63,55,17,5,140,58,14,281,4,30,112,226,64,24,19,177,30,6,97,135,73,5,36,18,8,133,40,29,61,43,102,91,22,145,14
S030,8,43,71,155,30,18,7,93,8,11,185,73,8,159,57,111,16,10,173,6,37,29,23,1,18,40,32,15,21,119,34,3,50,9,14,121,153,16,11,8,7,47,51,6,159,117,28,23,111,60,27,26,11,76,25,56,6,28,43,178,26,14,37,72,56,56,37,21,9,110,69,16,307,4,26,79,239,89,34,18,180,35,13,122,149,48,8,51,22,9,128,42,32,55,50,62,128,21,173,24
S031,46,65,32,41,73,35,21,80,9,8,51,87,12,53,78,182,12,8,88,11,14,38,21,3,28,101,7,16,14,165,51,13,23,12,6,66,136,25,9,6,5,27,33,9,166,118,29,17,118,69,30,27,8,82,24,53,7,30,60,166,22,12,28,76,57,91,47,16,10,130,57,16,289,6,24,116,261,69,32,17,224,31,12,130,164,62,11,34,16,8,116,56,38,53,40,87,109,30,118,13
S032,7,40,86,287,36,6,3,41,7,9,210,27,16,171,79,219,26,6,314,4,50,32,18,13,30,78,12,29,4,188,28,17,19,4,9,75,167,9,12,5,11,33,26,14,164,98,26,14,132,85,18,24,3,57,34,40,7,21,44,155,22,8,40,89,54,86,52,17,0,90,84,10,223,5,16,88,198,64,36,14,158,36,16,87,117,61,10,36,16,9,114,29,44,43,62,75,99,16,105,23
S033,6,23,88,172,21,15,4,97,7,4,202,45,23,239,47,68,14,7,222,9,19,35,17,13,12,106,13,16,16,129,68,9,19,6,6,88,191,19,11,8,8,22,26,11,127,117,23,20,126,67,30,27,3,60,24,46,8,14,60,110,24,12,50,65,66,82,37,14,7,110,60,8,198,2,14,82,249,94,30,19,167,22,19,99,98,59,12,27,18,7,144,22,37,39,29,94,127,18,138,20
S034,4,23,106,164,19,5,4,107,9,2,167,56,20,245,58,69,39,13,219,5,24,34,16,8,17,99,12,13,12,157,63,6,15,8,9,87,145,8,14,8,6,43,34,8,100,127,25,13,142,53,36,23,5,62,27,51,3,13,43,193,12,16,51,73,62,84,39,16,5,95,59,9,253,2,28,59,248,100,24,14,182,26,7,115,120,47,13,36,14,14,128,29,38,32,48,63,99,24,124,18
S035,25,56,47,55,67,29,10,97,11,8,86,79,14,77,75,140,6,9,114,13,13,44,36,5,20,91,9,15,16,165,48,4,25,19,6,63,170,24,11,10,8,31,62,8,145,137,28,14,157,61,35,24,8,59,28,58,7,31,70,131,20,18,27,90,56,68,61,9,5,129,51,11,301,9,20,99,276,70,38,16,167,23,7,120,107,84,6,38,18,16,126,33,27,34,36,90,131,23,147,12
S036,2,24,117,132,17,12,8,117,6,4,187,48,14,241,37,73,35,18,225,5,30,38,27,13,13,107,17,3,13,139,53,5,22,15,8,62,157,12,14,8,9,17,32,16,109,115,33,14,123,42,24,23,4,61,25,64,5,17,50,119,15,31,37,64,55,52,48,8,4,137,48,11,270,4,20,105,233,63,25,12,198,26,10,113,147,60,5,40,11,7,147,42,43,52,30,64,101,20,142,15
S037,10,31,70,188,23,8,4,95,12,11,198,53,12,203,55,79,25,16,204,5,45,25,17,2,20,36,15,21,19,109,47,6,57,10,13,99,133,8,11,2,17,25,22,9,131,123,19,14,126,49,42,18,2,76,24,104,5,22,40,160,14,18,25,100,62,64,36,19,8,106,59,10,209,3,19,90,259,49,39,13,249,39,12,85,113,65,7,24,17,15,137,44,35,56,39,66,97,29,132,14
S038,8,34,100,177,17,8,3,102,2,2,174,71,14,209,43,72,23,13,232,8,7,38,22,4,25,90,7,12,10,155,51,8,27,10,6,75,166,20,22,8,10,37,46,8,106,116,26,16,116,49,18,28,3,65,21,79,9,17,50,158,16,14,45,80,53,78,52,7,5,130,40,12,311,6,25,93,222,61,33,16,237,43,7,116,175,73,4,40,17,11,118,43,30,36,39,54,146,29,122,24
S039,9,46,88,276,39,8,3,68,6,4,207,39,23,184,59,204,33,4,305,9,41,21,29,4,11,43,17,15,11,99,31,6,40,11,10,106,119,12,10,9,14,29,34,12,116,91,28,12,205,39,36,28,1,42,32,63,4,15,55,141,19,15,30,54,57,68,48,18,9,87,60,9,246,4,23,74,154,59,43,16,207,35,12,102,93,49,8,44,23,13,92,43,27,44,51,63,114,31,137,18
S040,13,51,65,119,33,18,5,109,8,9,129,60,12,117,61,128,9,6,136,9,50,19,14,5,21,26,22,21,20,116,37,1,60,15,22,108,188,8,14,2,11,37,32,9,134,107,20,14,147,46,38,24,8,57,33,104,9,24,49,212,13,12,30,101,41,63,35,17,6,133,50,8,276,5,16,97,247,79,24,15,207,38,11,78,155,72,7,45,20,11,142,37,34,49,42,69,124,20,130,13
S041,12,45,96,243,21,7,2,64,9,11,197,34,14,207,58,144,24,4,245,4,45,18,21,3,18,15,15,17,24,110,27,5,59,9,12,100,120,10,18,8,11,31,42,9,107,120,23,24,121,54,32,18,4,66,24,76,2,17,51,157,22,19,24,104,40,57,39,18,6,132,59,6,292,3,14,102,213,53,32,18,212,29,9,73,121,60,6,49,28,11,114,49,44,40,44,72,73,21,126,16
S042,2,49,77,257,24,8,4,62,9,4,194,38,13,174,69,107,16,10,215,9,26,44,20,4,19,92,13,21,14,135,51,6,25,8,3,72,123,15,14,5,8,37,58,9,152,99,18,23,105,40,28,24,2,70,13,53,8,26,60,152,22,6,37,103,56,67,41,14,4,82,59,15,315,5,18,89,190,84,38,13,216,28,15,106,126,61,7,50,16,19,214,39,28,56,25,69,181,25,122,15
S043,3,37,75,219,22,11,2,60,4,7,184,39,15,189,62,145,23,11,214,5,23,34,25,11,7,109,14,10,6,128,63,3,27,9,7,54,136,22,12,9,5,32,60,9,130,153,34,19,97,55,38,22,5,65,28,57,7,17,46,117,15,18,31,88,64,63,36,12,11,119,85,8,215,0,20,107,160,73,47,13,210,20,5,116,127,67,4,25,16,10,157,24,25,40,42,98,106,22,150,18
S044,5,42,69,210,16,19,3,80,9,6,162,45,13,172,55,98,21,11,194,9,35,42,18,8,16,79,18,17,9,145,51,11,23,8,4,61,146,18,14,10,3,31,36,7,126,133,23,26,131,30,37,18,5,59,35,56,6,18,56,123,32,13,35,86,49,75,68,14,6,103,79,14,308,7,16,92,250,97,18,20,170,36,15,98,89,45,6,33,30,14,107,36,27,39,59,54,112,14,179,17
S045,5,13,212,110,44,7,2,124,2,11,113,35,21,342,155,116,7,3,95,1,30,51,20,7,11,67,13,15,5,126,89,6,14,14,5,79,137,12,13,7,9,20,25,10,97,141,27,13,119,61,46,25,4,68,27,54,4,16,56,114,12,12,36,96,59,51,57,12,3,96,67,18,230,2,17,82,235,59,39,12,231,34,20,88,87,59,7,35,20,14,127,49,37,46,31,82,117,31,166,18
S046,12,38,89,273,32,7,3,42,7,7,232,31,16,157,63,239,29,1,344,2,23,41,17,7,24,65,11,11,8,146,42,8,20,7,5,67,142,9,15,5,10,28,45,6,137,97,27,10,124,49,23,38,7,57,15,65,4,16,55,168,31,17,35,76,45,41,51,11,6,95,76,9,197,8,14,79,221,70,36,18,156,14,16,95,105,53,7,29,12,4,146,39,31,33,32,52,78,19,123,14
S047,10,46,75,264,21,9,1,53,7,6,179,36,19,172,65,176,28,5,252,8,23,34,29,6,16,87,6,6,12,127,58,5,29,9,6,64,132,15,11,8,14,40,13,8,122,85,23,7,118,44,20,13,5,58,26,64,8,21,42,173,14,8,35,79,55,74,38,19,7,113,54,17,203,6,15,96,231,106,20,13,210,37,7,87,120,85,8,33,16,14,152,22,32,58,37,78,91,28,109,21
S048,6,23,131,164,27,12,5,106,3,3,192,55,15,287,27,59,30,16,251,5,40,48,19,8,26,53,22,18,11,177,39,12,23,4,7,59,133,11,16,5,8,43,34,10,131,103,22,11,157,57,24,17,6,67,30,77,4,17,44,227,22,16,38,99,71,80,50,13,2,117,51,11,315,6,22,89,235,53,19,15,210,22,16,94,132,58,14,44,20,14,130,31,25,39,27,66,84,23,144,12
S049,6,12,146,124,44,14,4,115,3,7,102,37,8,288,115,103,11,8,134,2,60,21,14,2,23,32,23,20,24,93,37,2,46,10,10,119,169,9,21,6,5,48,35,9,153,92,25,14,146,73,31,31,3,79,12,71,6,23,59,129,12,15,42,82,62,81,38,16,10,127,59,10,273,2,24,87,232,67,17,9,206,24,11,80,121,79,13,35,13,7,175,32,27,50,29,73,69,30,118,12
S050,6,11,161,132,32,8,7,119,5,15,119,36,18,278,120,97,9,5,120,2,34,17,23,5,22,45,15,15,22,113,46,3,39,8,11,105,175,12,14,9,17,35,38,10,98,82,35,30,88,43,33,40,7,46,18,68,4,22,32,161,17,14,21,108,66,61,60,22,1,128,56,10,212,6,13,99,265,83,40,13,242,29,9,98,81,33,4,47,20,10,127,38,33,27,39,96,125,21,121,23
S051,6,11,171,114,48,9,4,120,5,11,109,33,10,309,142,112,4,6,109,4,33,47,15,11,22,64,12,21,10,178,46,13,20,9,7,79,137,14,12,9,15,37,47,9,124,112,15,18,100,57,36,27,6,55,21,48,8,29,37,82,37,18,34,96,52,55,51,13,3,106,70,7,192,6,23,102,209,67,41,16,268,33,10,92,115,68,9,34,10,11,151,28,25,59,34,62,122,27,114,33
S052,19,55,44,103,36,19,16,93,10,8,105,72,15,120,69,127,18,13,136,7,23,29,23,9,19,69,14,16,10,126,67,7,29,13,3,86,160,14,14,6,11,46,48,11,99,121,12,30,137,69,22,24,2,63,44,56,5,24,49,164,19,23,46,90,56,76,40,14,5,123,86,14,246,5,24,108,243,82,29,14,228,28,16,105,138,46,4,39,26,11,164,48,26,44,45,73,115,30,113,19
S053,3,25,103,134,26,11,5,106,7,8,140,52,14,232,109,92,13,9,155,3,48,16,15,2,21,34,19,14,13,93,35,6,58,8,19,109,135,13,17,9,13,24,37,8,144,95,28,16,175,78,21,16,9,65,19,78,9,18,64,133,19,21,36,75,39,60,32,15,13,95,77,9,232,0,29,105,268,55,20,7,201,25,13,127,150,82,7,31,25,8,139,38,27,41,45,65,95,26,178,20
S054,19,50,48,61,58,28,19,88,4,14,93,77,9,73,78,140,10,12,106,9,22,50,27,2,25,105,8,18,9,159,44,10,31,7,9,74,129,19,11,8,17,24,46,14,160,98,34,23,112,41,32,28,3,65,24,56,7,25,53,158,21,16,42,82,42,70,68,9,5,115,66,8,375,4,18,122,243,47,30,7,216,35,12,62,119,79,5,34,22,15,125,26,26,34,38,62,131,15,170,22
S055,3,37,82,204,24,9,9,85,6,6,174,58,12,181,55,80,25,13,196,5,33,36,19,7,9,111,9,6,13,135,65,2,26,7,7,56,161,14,24,8,7,41,38,15,114,163,25,13,132,39,38,24,8,83,21,51,10,16,49,172,24,17,38,90,49,112,35,7,7,95,67,11,240,9,21,109,203,79,27,10,138,20,18,77,122,54,5,33,27,10,152,34,29,50,37,78,105,28,143,14
S056,10,31,71,285,44,8,2,39,7,4,225,25,10,151,79,228,32,4,286,6,46,27,20,4,15,39,18,17,20,96,45,3,36,11,9,103,129,11,11,2,11,22,33,6,126,131,27,20,135,28,31,30,3,47,30,54,8,25,40,137,13,17,34,79,57,63,40,12,8,97,78,10,173,6,13,96,169,113,19,15,148,25,10,99,160,86,5,39,11,8,147,24,37,51,42,84,110,19,112,14
S057,25,53,38,54,71,30,12,86,8,15,82,82,7,63,65,118,9,12,114,4,33,44,18,15,13,147,8,6,10,154,39,2,21,11,5,68,146,9,9,6,11,28,35,10,139,164,31,16,170,49,41,30,2,74,38,73,5,32,61,119,17,15,43,74,54,77,42,12,11,86,77,15,257,4,20,117,168,60,29,16,216,33,13,123,160,54,9,37,16,10,128,48,39,42,37,57,123,32,170,18
S058,16,18,86,277,43,6,3,37,9,7,210,24,16,161,67,257,41,8,333,7,23,29,22,5,22,100,12,17,12,111,56,10,29,8,2,67,127,14,11,7,13,44,30,10,121,108,23,18,118,47,54,18,3,68,15,60,4,23,51,169,15,15,21,76,43,68,42,11,5,114,63,12,210,3,12,92,233,53,33,14,186,28,9,108,99,53,5,26,18,18,100,25,23,27,45,76,108,27,101,22
S059,32,62,48,52,62,30,19,91,9,16,91,71,10,70,71,158,12,9,108,6,16,49,20,12,16,97,17,15,8,140,73,6,27,10,4,70,148,18,11,7,11,44,36,11,137,182,31,20,111,46,35,26,4,53,31,65,5,23,63,125,31,26,27,76,41,58,51,15,4,95,61,5,312,4,27,146,315,73,26,18,228,45,17,120,107,72,8,50,24,8,130,39,38,33,48,107,115,22,164,22
S060,25,58,42,62,62,28,20,85,7,8,85,73,11,74,66,163,7,12,114,8,42,26,20,4,19,40,21,20,16,123,43,4,45,11,15,127,186,22,14,9,12,26,35,15,114,115,35,26,108,77,42,23,11,73,23,87,14,26,62,101,30,14,29,108,50,71,48,17,3,118,81,10,322,3,22,99,295,71,27,10,177,25,14,133,125,64,10,51,14,13,143,35,31,48,33,68,123,18,140,19
S061,7,58,72,182,24,12,6,107,9,11,147,61,8,189,64,93,5,10,178,11,40,43,14,18,34,67,17,18,10,195,35,16,18,7,10,69,135,12,15,13,10,24,46,5,152,96,35,26,131,74,25,26,6,68,25,77,11,5,48,164,25,12,34,78,38,63,34,13,4,163,86,3,202,1,20,102,255,70,9,13,206,26,11,103,114,65,6,42,23,10,151,26,30,40,33,68,131,29,156,20
S062,7,35,64,140,31,9,11,88,9,11,155,52,13,128,47,132,9,11,163,6,37,18,23,3,24,33,15,14,21,115,33,3,56,7,14,118,128,17,14,6,14,25,33,8,114,97,34,14,128,58,28,27,4,72,37,47,3,24,53,191,24,13,37,87,44,79,36,12,6,83,61,15,311,5,24,109,319,80,23,20,162,23,8,102,122,69,11,37,20,13,122,37,53,47,30,52,100,26,145,23
S063,6,36,86,192,25,12,5,102,3,5,188,61,12,222,51,95,23,11,225,8,21,38,21,4,15,105,14,7,15,107,117,8,30,16,3,67,173,9,19,6,11,18,39,8,139,83,34,17,130,65,34,23,2,43,38,63,5,28,54,102,18,12,45,72,57,70,44,8,9,127,53,12,229,3,19,143,239,75,25,16,196,28,8,93,143,53,7,48,17,8,112,39,30,50,49,77,72,22,129,24
S064,6,21,122,158,26,6,10,114,7,2,184,55,23,279,33,61,35,13,254,7,18,46,22,11,15,119,15,10,4,112,55,6,34,11,8,76,160,13,16,4,13,24,35,8,132,100,26,12,103,69,29,22,5,67,30,48,7,24,34,148,15,18,40,74,61,88,32,18,3,105,84,14,255,5,38,118,150,41,26,10,166,24,13,109,128,69,5,61,17,12,164,39,31,35,37,88,130,26,108,24
S065,6,20,111,139,22,4,8,101,4,2,196,49,24,285,38,51,34,23,297,6,38,46,20,15,16,85,19,22,15,117,84,4,30,8,8,63,142,9,30,4,10,26,27,10,134,105,28,16,122,55,25,20,6,56,12,55,10,30,32,199,21,12,25,77,42,68,43,9,4,150,50,10,271,3,25,63,236,48,27,8,177,25,13,79,158,81,5,38,16,13,102,42,28,53,39,71,97,29,123,15
S066,4,33,114,177,15,13,4,120,5,6,188,48,20,226,52,69,31,21,232,7,27,52,21,6,22,91,22,17,15,144,65,9,20,7,8,69,127,17,11,9,10,30,37,12,102,93,22,9,141,42,38,23,9,88,37,49,6,19,59,146,22,10,36,106,56,82,42,11,9,97,58,8,294,7,24,91,239,71,34,10,156,28,13,87,165,78,3,48,16,12,134,50,29,39,39,51,115,21,122,20
S067,14,36,48,94,41,19,8,77,6,7,108,63,7,105,75,140,8,14,128,7,17,49,32,2,23,74,12,17,13,159,59,12,25,16,7,70,143,19,16,5,12,32,30,15,176,114,32,18,151,43,27,42,4,63,41,75,9,25,49,159,32,17,48,85,99,67,50,12,5,141,60,16,239,2,18,121,215,66,40,12,241,31,20,131,95,60,4,34,26,19,197,50,42,61,30,67,82,29,152,18
S068,5,46,94,189,17,9,3,108,5,8,168,54,9,180,84,110,9,9,145,2,40,50,15,13,20,80,8,23,6,147,49,9,19,7,9,82,235,16,11,5,8,35,27,7,122,108,19,25,135,45,22,19,4,55,39,59,4,12,30,150,17,15,20,69,60,64,41,19,5,124,68,8,251,2,27,94,189,73,22,18,164,28,11,72,131,61,14,40,19,15,126,30,32,48,48,55,103,21,125,25
S069,6,32,88,198,14,13,2,85,4,5,172,41,9,216,90,90,15,8,164,2,47,47,19,13,12,107,13,9,7,144,56,5,26,13,2,81,160,19,17,7,10,29,35,3,117,88,28,14,133,69,43,27,4,94,19,66,10,18,32,139,21,19,45,53,49,53,41,12,9,126,61,13,273,1,11,134,187,107,39,19,258,24,11,107,151,55,5,36,16,9,104,33,24,36,34,66,130,10,157,17
S070,22,49,50,96,43,20,19,101,9,6,122,66,7,111,64,122,16,9,142,6,36,39,22,5,19,69,15,13,13,137,73,11,29,4,7,100,156,17,12,8,19,40,38,12,144,99,21,15,124,84,45,36,5,67,25,51,10,30,38,160,36,9,35,132,65,68,45,13,6,119,64,10,309,6,22,77,213,76,24,12,204,24,20,120,182,59,13,54,13,9,107,36,26,46,45,109,113,19,113,23
S071,8,33,80,238,22,10,4,80,8,8,183,52,7,191,59,115,16,9,227,8,21,27,22,13,25,94,15,13,11,140,75,6,25,19,7,80,134,15,15,2,13,36,41,11,133,90,30,17,123,44,27,17,4,57,21,67,12,19,39,169,17,13,43,83,29,90,51,14,4,110,66,12,249,6,23,135,244,58,24,11,189,48,10,92,135,66,8,46,18,14,200,47,39,43,30,69,121,25,134,14
S072,5,45,71,243,22,13,6,97,5,2,165,53,7,222,74,103,17,5,175,3,19,42,22,11,15,98,12,8,10,125,83,7,29,15,5,72,134,10,26,12,13,32,25,6,179,127,34,19,88,45,52,34,4,99,22,65,12,33,38,202,21,16,40,79,42,65,32,10,7,109,59,17,280,7,22,99,192,55,38,13,199,31,4,102,98,42,4,35,20,11,129,41,26,49,41,94,121,17,149,12
S073,4,14,287,88,63,8,7,134,4,8,92,34,21,341,185,108,9,7,80,0,16,40,30,9,17,83,5,11,12,160,46,4,26,14,3,65,161,9,16,4,13,17,34,11,122,83,20,12,147,45,49,37,3,78,28,54,7,17,52,123,11,13,32,85,52,64,41,15,14,89,70,10,234,4,22,111,217,58,25,12,230,33,9,108,118,79,8,33,19,9,115,47,20,35,27,49,133,18,160,14
S074,2,33,80,197,26,13,6,100,10,5,160,47,11,228,43,89,19,15,198,4,15,32,20,5,11,101,7,11,29,108,123,8,22,11,5,78,136,18,13,8,12,34,33,10,121,95,41,29,117,44,32,42,3,64,28,57,10,14,39,149,21,20,44,157,40,47,45,9,4,102,71,15,319,4,22,104,215,75,31,12,236,27,11,120,118,62,6,42,18,8,123,29,44,57,36,58,81,18,109,18
S075,9,36,84,191,18,12,3,80,3,3,175,49,10,218,57,99,13,9,169,4,24,40,28,6,19,84,11,12,10,126,76,10,17,12,2,87,151,11,16,3,11,57,37,16,132,114,25,16,144,44,28,29,2,74,27,42,6,22,57,123,19,15,44,72,68,77,33,12,9,125,66,10,236,7,8,84,257,84,27,8,229,25,9,104,155,71,7,43,21,14,130,26,28,72,33,63,125,23,108,23
S076,7,31,94,173,28,17,5,111,10,6,157,50,8,213,60,83,18,13,197,3,42,35,21,5,17,72,11,12,11,126,58,7,34,7,6,77,125,22,11,6,15,32,45,10,133,103,34,19,122,35,22,42,7,78,29,81,8,20,52,155,13,12,35,83,58,56,42,20,2,135,92,7,287,5,39,88,322,70,37,20,178,31,16,80,137,68,6,40,15,11,165,48,41,46,39,84,105,21,149,18
S077,8,49,86,217,28,10,5,102,10,9,157,46,17,229,54,74,16,12,209,4,21,43,20,12,25,101,13,18,13,150,76,4,21,7,2,63,127,14,14,10,6,36,34,8,121,114,34,16,105,49,27,37,3,76,23,87,8,23,69,149,20,22,33,83,51,67,45,19,4,123,81,10,219,6,20,98,198,76,37,26,186,24,15,103,122,53,7,44,19,12,160,39,17,56,31,85,111,35,128,24
S078,10,48,70,154,29,24,6,81,6,7,134,66,11,143,75,126,16,8,162,6,23,43,28,7,13,92,11,13,9,153,49,10,34,15,7,69,123,13,19,8,18,30,45,14,119,134,25,14,99,49,40,37,8,54,27,63,5,24,50,132,23,12,35,78,46,70,63,11,6,134,52,10,273,5,25,125,237,89,23,10,195,33,16,116,107,64,7,39,23,11,144,29,22,33,44,76,122,27,170,32
S079,4,11,187,121,45,8,5,126,3,7,103,34,22,310,154,106,9,2,118,1,19,39,20,4,20,100,4,6,15,132,67,7,21,10,3,73,179,8,19,9,14,22,51,5,131,101,18,12,141,57,42,29,5,33,28,84,9,7,52,198,23,8,31,77,47,64,50,13,5,109,62,10,227,1,17,95,256,56,45,18,156,20,14,103,120,44,10,34,18,4,120,30,38,59,36,85,112,32,145,15
S080,7,35,66,221,22,11,5,63,7,8,182,46,22,184,75,129,23,8,217,4,27,41,26,6,17,96,14,13,14,128,76,9,26,10,3,67,141,19,24,7,15,52,54,8,124,122,22,10,115,37,23,26,10,60,21,59,6,23,36,138,23,16,32,94,35,89,55,17,3,87,89,15,236,11,19,102,221,67,26,9,185,18,8,101,107,40,0,35,25,15,125,27,30,42,36,72,105,35,135,20
S081,6,50,82,194,21,16,4,106,8,6,176,49,14,214,67,92,13,6,196,7,30,49,19,9,22,84,12,28,15,148,51,9,17,9,8,81,142,16,10,6,8,33,28,7,132,118,33,10,148,42,39,15,3,57,14,86,4,16,41,198,21,10,41,115,53,80,48,13,9,158,95,6,202,5,17,93,238,47,27,8,216,28,13,101,87,53,8,26,19,13,102,31,31,51,37,67,121,23,121,9
S082,7,46,79,257,32,13,2,59,2,7,202,32,16,168,67,194,29,6,284,5,26,51,18,6,19,85,15,14,13,151,60,5,19,9,7,69,125,14,12,10,15,31,39,6,130,85,28,13,120,52,36,20,4,65,22,68,8,17,55,136,22,10,49,93,64,71,29,8,7,148,50,10,215,2,14,101,223,59,18,12,197,28,15,100,111,49,8,41,20,11,96,23,20,26,39,76,119,27,146,21
S083,11,40,94,264,42,7,5,47,5,7,230,30,13,177,63,245,30,2,328,5,30,39,14,12,14,118,9,8,6,112,46,7,21,9,9,60,142,18,15,4,10,32,37,7,77,126,16,12,92,62,17,18,2,57,19,63,3,22,40,181,19,18,36,67,48,64,35,13,3,127,61,9,193,5,15,111,310,54,23,13,183,27,6,109,137,52,8,34,16,9,120,43,35,32,43,63,115,23,140,17
S084,12,44,43,148,27,19,4,87,4,9,128,56,8,144,73,117,13,7,198,7,27,38,25,9,14,87,11,14,13,121,73,3,25,10,3,75,123,10,15,8,10,32,24,10,145,108,33,20,136,50,29,23,5,67,32,74,6,25,75,154,20,11,31,98,58,74,34,9,9,145,66,10,283,1,23,95,222,54,38,9,231,22,6,88,114,62,7,38,21,11,170,29,32,61,31,67,104,32,105,18
S085,6,47,94,235,21,13,2,79,3,4,179,44,10,199,79,88,21,11,228,4,18,40,20,12,19,92,15,10,11,137,97,8,21,18,5,63,164,14,9,7,5,35,47,10,143,110,18,17,119,38,27,18,2,72,29,41,8,22,50,181,20,21,41,90,33,65,48,13,5,116,52,11,230,2,24,125,227,57,30,9,214,22,15,85,119,84,10,39,26,15,132,27,23,44,40,86,102,25,152,9
S086,5,25,102,141,18,12,7,119,4,2,201,41,23,269,37,53,31,26,230,11,19,43,24,6,23,94,7,13,11,155,48,10,27,9,5,57,170,14,22,5,8,25,51,5,124,95,30,15,104,62,23,16,8,65,27,73,5,25,50,105,28,19,29,79,32,80,34,14,5,115,70,5,331,3,27,130,171,77,23,12,141,21,6,158,100,40,9,35,21,12,161,48,26,48,36,73,108,23,131,9
S087,7,27,108,163,22,11,4,120,6,2,198,44,23,280,44,65,32,17,216,12,29,24,25,0,19,43,27,13,20,106,34,3,42,11,10,93,166,7,16,6,13,38,36,10,145,103,19,17,159,47,21,33,7,51,30,57,10,24,36,165,18,10,32,66,59,64,60,12,3,84,59,7,233,7,16,130,219,51,19,20,286,31,17,98,134,71,8,54,19,16,115,37,39,35,31,59,114,24,162,23
S088,9,37,61,172,12,9,3,88,7,10,128,60,13,169,56,96,17,6,183,3,32,37,14,13,17,93,13,13,14,122,94,10,28,13,6,72,125,19,8,9,10,45,40,8,121,91,37,21,152,59,38,25,5,82,31,78,1,18,57,177,23,13,20,96,64,57,50,23,2,112,64,14,267,8,19,128,221,80,27,17,166,33,11,84,146,52,8,34,24,8,135,43,43,37,35,56,122,18,146,18
S089,8,36,84,216,21,8,8,91,6,4,206,55,18,213,46,79,24,5,199,4,30,47,21,6,20,79,21,13,6,137,45,16,21,8,6,59,124,16,19,5,13,29,47,4,124,148,21,9,122,56,26,13,4,90,27,51,6,24,38,153,14,9,36,66,81,69,48,15,11,112,62,7,234,5,16,74,293,49,24,10,215,25,14,102,178,62,11,41,19,13,109,32,29,46,21,54,79,29,132,20
S090,3,41,96,257,29,13,4,59,5,6,189,34,15,168,69,195,34,7,275,10,38,38,9,10,19,70,16,19,11,180,49,12,21,17,4,74,139,13,7,4,6,33,40,7,128,86,18,29,107,51,37,15,6,51,24,52,8,18,78,147,18,16,22,73,70,61,64,16,5,90,76,5,264,3,18,73,233,78,43,25,177,29,14,92,138,58,5,35,9,21,112,29,34,45,34,62,76,14,147,20
S091,11,31,134,130,21,7,11,121,4,0,189,47,23,282,34,46,37,27,264,8,16,38,24,13,16,97,14,15,10,131,76,9,19,7,5,69,133,14,15,11,13,34,42,9,94,123,32,28,110,56,36,25,2,61,40,57,6,23,41,145,16,7,41,60,43,50,38,15,8,178,51,7,223,3,7,80,215,48,25,23,165,36,16,79,114,66,10,28,27,9,100,24,35,57,54,75,126,25,156,14
S092,5,34,102,177,22,15,8,91,6,2,197,54,19,205,47,67,25,11,221,9,15,37,26,4,25,101,3,18,18,180,37,17,35,8,4,57,135,24,18,6,12,32,25,8,152,105,22,21,118,52,32,23,6,86,22,87,6,19,77,127,16,5,29,65,50,69,58,11,3,109,60,9,224,7,23,118,220,91,28,25,184,35,5,105,103,67,5,48,20,18,140,28,46,51,35,61,109,30,172,18
S093,7,34,70,261,28,9,1,45,8,4,186,36,13,151,70,197,22,6,276,11,21,37,20,8,13,93,15,13,8,143,66,4,27,8,5,65,149,12,19,7,8,28,31,9,140,131,29,23,127,54,32,18,1,66,14,61,8,9,48,146,42,14,42,89,36,82,35,15,7,92,48,8,248,6,20,87,179,75,29,23,235,20,18,116,125,56,6,48,5,8,115,38,26,23,38,66,93,18,117,17
S094,30,54,43,60,80,27,22,79,5,7,85,83,12,77,78,122,8,10,119,6,24,34,30,6,25,98,9,13,11,143,54,8,25,14,6,69,203,17,16,8,8,28,36,5,132,102,20,16,152,73,29,29,4,81,29,87,7,12,29,201,20,13,39,80,50,53,58,15,5,127,66,7,286,7,26,90,237,90,30,14,186,28,11,89,114,68,6,34,18,12,132,29,33,50,43,63,134,20,110,10
S095,8,37,71,184,14,7,2,103,7,4,148,44,18,212,68,69,18,5,200,5,25,36,24,9,15,92,18,6,12,113,77,8,24,12,8,62,114,20,18,8,10,33,26,11,137,128,30,25,113,66,31,19,4,57,19,77,6,17,42,208,25,17,45,103,49,96,38,23,2,122,69,16,237,5,30,95,186,54,34,12,188,35,6,121,126,52,9,30,24,14,149,30,28,38,26,88,140,15,176,28
S096,8,16,209,89,69,6,6,119,6,2,96,26,20,315,129,92,9,1,95,2,32,57,21,13,16,71,17,17,8,108,71,12,18,15,3,72,123,7,19,6,10,25,37,10,113,138,34,8,96,38,30,17,7,58,30,76,6,25,37,140,18,13,31,85,52,81,57,14,0,114,57,15,375,8,15,110,248,56,24,14,136,27,11,106,158,55,8,34,16,13,117,22,24,59,31,98,100,29,90,22
S097,4,44,107,192,17,11,3,98,7,7,144,53,16,218,79,101,15,2,177,3,22,36,16,7,15,122,13,11,6,114,61,4,24,12,10,63,149,12,12,7,8,38,35,8,144,150,30,17,100,57,31,25,2,53,33,62,3,25,37,188,27,15,26,62,62,58,58,19,5,92,50,11,288,8,22,147,214,62,24,15,166,24,11,114,157,46,11,47,20,18,125,41,30,45,46,83,78,21,110,20
S098,13,31,110,166,18,9,6,95,3,5,198,52,28,257,35,54,32,22,272,7,29,46,25,10,15,120,8,8,12,121,41,5,30,11,7,58,131,18,13,5,11,37,39,8,118,123,16,18,152,56,26,27,8,62,30,67,9,19,47,89,27,19,39,91,59,73,30,9,5,96,54,14,264,6,14,105,170,51,44,13,208,35,5,136,137,50,9,32,30,10,150,40,33,49,44,58,163,22,129,15
S099,4,26,141,168,29,12,12,108,5,1,210,47,27,279,45,57,24,21,282,7,25,33,19,11,9,92,20,5,12,135,49,6,28,7,7,61,125,14,10,4,8,34,31,6,113,79,19,39,115,51,22,38,2,75,24,50,3,21,50,153,21,8,43,81,61,79,49,13,7,79,59,14,277,4,23,98,343,80,28,13,186,30,10,100,132,63,9,28,23,10,108,53,30,40,45,59,88,22,187,22
S100,9,33,88,288,39,11,2,45,5,7,211,32,16,168,63,213,38,5,304,7,33,45,15,17,12,138,14,6,10,138,52,3,35,10,5,62,108,10,13,5,8,39,27,5,86,88,31,19,123,68,17,32,4,68,25,67,6,33,44,103,25,12,27,75,66,71,53,23,6,118,52,8,235,6,16,121,173,80,34,9,186,27,8,149,135,43,13,31,25,6,120,35,36,48,30,75,127,20,105,17
S101,7,21,83,163,19,10,1,99,6,6,171,39,11,215,49,85,18,17,202,6,47,44,10,18,27,92,6,28,10,181,27,19,15,7,10,61,163,14,13,6,11,27,24,6,112,124,17,21,157,60,23,26,3,62,23,42,8,21,61,156,13,15,39,65,69,84,56,19,5,117,62,12,229,4,14,73,232,68,26,22,152,24,9,90,160,72,11,46,19,10,125,41,32,42,33,77,132,25,153,25
S102,6,43,71,197,26,14,8,112,8,10,152,53,10,182,67,109,18,8,180,10,39,42,18,12,22,99,14,14,7,136,60,4,28,11,6,68,132,13,8,13,10,20,29,11,115,157,26,19,129,62,37,30,4,61,23,83,8,17,65,160,14,13,29,75,52,56,30,18,8,144,68,12,253,2,14,91,303,55,28,11,181,26,15,100,126,93,7,37,17,6,132,36,24,46,43,77,111,17,135,19
S103,9,23,105,152,25,9,6,124,4,1,198,44,18,272,33,64,31,23,254,10,35,21,20,5,15,43,26,21,19,103,47,2,35,12,5,90,155,13,19,11,10,18,36,10,128,102,16,27,150,35,30,35,3,52,21,70,6,13,29,137,10,12,33,67,56,79,46,12,7,123,49,14,259,9,19,108,283,68,25,15,229,30,13,79,103,56,6,34,20,15,109,32,42,52,28,80,128,22,150,19
S104,8,26,81,202,27,8,8,103,13,4,161,48,13,223,61,82,16,11,201,4,50,65,17,17,33,83,18,19,5,205,25,18,18,6,5,77,113,15,11,9,10,25,22,10,145,102,21,16,125,52,31,26,2,75,28,45,8,19,61,184,27,12,30,89,49,69,51,18,10,109,84,9,268,7,15,103,219,56,19,10,206,27,7,104,125,60,6,59,19,6,139,37,24,40,38,66,113,31,156,28
S105,3,40,70,201,20,14,2,84,12,4,171,54,9,164,67,110,11,5,208,7,16,52,30,9,22,71,14,12,10,134,61,12,25,10,5,59,113,21,15,8,15,45,40,4,145,136,17,23,106,62,26,16,1,78,29,75,3,29,52,144,23,19,26,71,52,66,50,14,6,108,78,14,304,2,23,102,243,103,24,19,156,31,15,106,134,66,6,55,23,18,163,32,36,52,21,83,114,34,193,19
S106,5,27,97,174,20,16,7,115,5,6,205,50,15,247,44,60,27,16,239,6,13,56,33,3,21,108,2,13,12,145,64,6,27,11,8,69,147,18,5,4,13,41,33,8,129,147,54,13,113,44,41,28,5,48,25,66,4,24,59,158,17,16,32,104,34,55,41,13,12,96,79,15,248,5,20,117,210,54,26,3,163,40,9,141,114,53,6,45,19,14,148,24,34,39,46,89,112,30,91,25
S107,5,17,122,175,25,14,6,100,3,2,189,50,23,252,41,62,24,19,238,7,25,30,13,6,19,72,15,15,18,101,60,11,28,10,3,85,165,16,17,13,7,29,44,11,119,95,26,20,120,68,33,22,6,74,34,66,6,27,44,210,22,20,42,80,52,89,37,10,10,127,57,8,250,7,21,84,205,62,29,16,162,40,16,59,118,57,9,39,28,7,115,36,22,65,26,80,105,19,143,20
S108,3,26,83,173,22,11,6,102,6,2,165,54,8,205,78,81,13,6,144,6,27,37,25,12,12,89,24,9,10,122,80,10,11,12,6,77,152,12,11,6,6,33,31,12,138,155,26,11,142,62,35,16,4,74,33,55,5,12,45,185,19,15,38,65,46,78,43,10,6,115,38,11,326,5,22,89,164,64,41,13,157,32,9,90,143,83,10,33,23,7,201,48,24,45,31,84,112,29,107,21
S109,5,40,83,209,18,9,7,91,5,9,175,49,12,194,58,93,20,4,177,4,30,44,18,11,17,106,17,16,14,132,80,9,23,10,3,64,174,17,15,5,1,31,29,11,104,104,28,15,168,58,28,24,5,64,33,38,4,18,45,146,22,10,30,89,50,103,45,22,7,110,56,15,249,6,24,86,197,60,30,6,202,27,14,90,133,45,5,31,25,7,150,35,34,46,34,97,143,18,193,20
S110,2,18,226,119,55,5,8,126,4,8,120,32,19,320,154,100,12,2,91,1,31,45,22,9,14,102,12,10,10,134,70,10,27,8,4,63,203,9,17,4,11,24,32,5,123,135,21,14,143,58,27,22,4,80,25,67,6,26,55,207,6,15,34,71,41,77,35,13,6,96,69,6,255,5,33,112,239,74,33,16,178,33,12,110,125,69,7,27,14,14,122,24,28,59,35,58,97,22,139,22
S111,17,48,49,63,55,25,10,87,7,11,89,68,7,91,77,164,14,10,135,10,36,50,28,10,17,122,13,9,7,144,71,1,25,12,2,72,205,15,11,6,12,26,46,13,123,114,9,23,123,56,47,26,6,82,37,58,4,15,54,172,22,11,30,66,61,78,44,21,5,129,71,15,325,6,17,113,236,90,32,18,260,25,8,95,127,77,9,37,10,8,129,35,27,45,23,55,117,21,186,17
S112,10,43,80,197,21,18,2,76,5,5,175,47,13,204,48,84,11,9,192,4,17,39,19,3,24,67,28,24,20,133,96,17,27,8,4,90,109,19,24,6,14,51,34,11,119,111,29,24,134,47,46,29,3,46,34,73,4,28,44,136,24,14,37,87,35,69,57,16,2,94,55,11,313,3,16,76,217,86,30,7,176,21,14,80,145,44,7,40,17,8,184,41,29,31,39,74,136,28,136,21
S113,4,32,85,217,16,6,6,105,2,7,196,53,10,221,47,92,26,6,194,6,39,23,19,6,16,35,18,15,25,111,35,1,54,9,11,113,139,17,20,8,9,24,38,8,121,87,22,14,134,44,29,20,9,50,23,66,4,31,70,169,18,10,34,74,49,65,62,13,6,133,68,4,244,5,22,95,294,79,23,13,230,20,10,103,102,60,8,38,23,5,129,41,40,40,47,75,117,16,209,24
S114,8,38,74,173,20,13,3,76,6,2,152,49,10,191,55,83,18,5,185,8,26,40,18,6,22,78,10,16,8,128,57,12,35,15,3,65,126,9,12,9,9,32,42,7,135,96,17,21,125,50,48,22,5,65,27,91,6,25,48,121,13,13,33,114,33,99,45,9,5,123,47,11,280,2,21,136,175,66,25,9,171,23,11,91,117,63,8,37,17,10,139,36,28,62,48,97,115,24,118,18
S115,6,46,73,261,33,8,4,72,4,14,202,39,17,179,76,173,19,9,261,2,30,38,26,9,6,127,1,8,6,128,49,4,25,11,3,70,114,7,16,7,18,25,33,6,110,111,16,28,110,72,20,24,7,69,34,49,7,21,50,145,16,6,32,106,55,57,34,22,4,117,63,9,288,7,29,104,188,59,40,23,162,19,7,92,127,55,11,62,22,9,100,37,31,57,40,58,118,32,121,17
S116,9,20,120,124,23,5,5,117,6,1,166,49,28,305,36,58,21,26,270,7,14,39,23,8,13,89,7,25,11,148,66,9,32,11,5,67,146,9,15,9,13,35,33,8,178,125,24,11,150,55,27,24,7,66,30,48,7,14,67,160,19,14,27,68,60,71,50,13,8,83,67,9,203,3,14,73,241,57,21,15,177,33,15,123,70,71,7,45,26,10,111,36,23,51,33,86,88,28,104,20
S117,25,59,44,66,61,28,15,100,4,8,82,80,11,69,62,154,7,13,147,14,38,44,20,11,26,62,17,18,18,132,59,9,33,8,12,93,187,18,17,13,11,33,41,8,109,109,24,16,113,61,39,25,3,88,30,81,12,21,35,146,22,12,28,82,43,80,55,24,10,138,65,10,189,6,15,108,295,95,20,13,162,25,10,142,157,63,7,68,22,6,124,49,32,62,43,67,129,32,125,18
S118,4,26,95,175,22,11,2,121,8,5,136,45,13,221,65,108,8,7,156,4,27,33,33,8,15,131,10,4,9,132,49,5,26,11,8,55,151,19,12,8,7,36,33,4,158,152,31,10,166,64,35,13,1,60,30,49,11,13,62,137,18,10,33,57,39,51,53,9,5,134,53,6,264,0,15,110,175,65,30,12,264,41,20,83,152,50,2,54,9,9,147,33,36,43,35,78,120,15,186,21
S119,31,52,37,65,67,29,14,92,6,7,71,78,12,86,50,147,9,11,104,9,43,53,33,17,32,85,13,22,8,164,44,11,21,8,4,71,147,11,20,8,7,30,35,7,150,123,25,13,149,64,38,20,6,58,25,60,0,22,55,166,24,17,34,100,56,75,39,21,7,119,57,8,332,8,17,163,243,69,41,17,232,20,11,103,87,59,8,41,13,15,113,24,27,50,42,73,129,18,137,13
S120,6,25,115,157,16,9,4,114,4,6,220,58,11,265,37,60,36,21,279,8,24,36,20,12,13,136,12,4,6,127,52,1,32,10,1,48,140,14,16,4,8,24,33,12,95,97,27,23,98,49,26,17,6,53,32,85,11,16,67,121,22,15,49,101,72,71,35,12,9,101,63,11,237,5,17,84,259,48,26,12,185,28,21,95,123,61,6,56,17,7,116,30,34,64,42,72,104,21,120,20
S121,6,30,91,187,34,14,6,102,2,8,154,46,12,212,60,94,11,7,151,5,26,43,16,12,17,92,24,12,10,113,77,12,20,10,3,75,117,5,18,10,14,36,35,10,120,148,14,22,137,49,20,25,2,84,30,84,8,26,62,199,15,17,30,81,27,69,33,8,5,140,65,8,220,7,20,110,258,68,36,18,185,19,9,109,59,61,5,48,21,10,114,28,32,50,35,74,97,30,160,18
S122,4,23,128,144,33,21,8,109,5,11,160,35,18,307,117,88,8,8,175,5,47,22,23,1,27,32,17,14,20,96,41,4,55,12,17,133,165,16,26,6,15,34,29,7,111,110,26,11,84,55,28,31,8,58,19,66,7,21,43,182,19,8,55,116,48,84,67,9,11,139,60,14,254,3,21,82,236,78,24,14,196,20,11,91,157,51,10,55,20,6,129,26,34,59,31,67,127,28,151,30
S123,6,51,67,187,33,12,6,84,1,6,150,59,8,156,67,99,14,8,170,7,20,52,21,8,20,98,7,12,10,157,65,11,23,9,4,70,175,15,16,5,9,34,35,10,98,111,24,14,123,64,24,22,4,68,26,87,7,18,42,142,34,14,31,105,59,71,52,21,8,83,59,9,256,4,26,103,221,93,27,25,193,18,11,125,131,82,7,46,17,8,168,55,30,50,45,66,93,25,122,24
S124,10,43,82,186,14,15,5,93,9,5,163,51,12,207,66,91,15,7,200,8,18,43,28,13,18,79,13,12,18,125,71,7,28,10,10,77,130,15,13,5,9,38,34,9,91,141,37,19,126,53,28,19,4,66,23,69,11,18,49,189,15,18,40,97,61,69,27,21,8,99,75,6,265,5,25,146,225,72,22,13,210,16,12,111,108,82,5,37,27,11,123,40,25,42,35,64,118,17,114,26
S125,30,40,50,54,66,25,14,103,9,15,77,71,16,99,58,132,10,9,127,8,27,38,22,9,17,57,19,22,14,139,56,8,37,9,5,83,159,20,17,5,20,25,47,10,115,131,27,20,173,49,32,23,6,80,24,77,6,23,59,153,21,16,53,85,59,58,72,20,9,122,42,11,300,9,26,130,203,65,39,13,205,19,19,130,177,44,9,37,18,11,179,51,54,48,39,74,93,20,100,27
S126,15,44,46,94,28,18,7,94,7,12,114,58,17,128,60,129,17,9,166,14,34,34,25,10,18,92,12,16,4,138,73,5,20,11,4,79,152,13,11,11,5,48,42,8,111,122,36,23,161,70,22,20,7,73,32,69,10,17,38,174,19,18,33,69,65,65,34,22,7,115,68,14,220,4,24,144,303,67,36,18,174,28,10,125,152,78,6,42,22,9,161,28,34,48,49,85,131,14,130,33
S127,26,67,46,86,56,29,13,99,3,12,89,81,9,88,73,137,5,14,102,13,21,39,16,6,19,102,5,13,16,149,50,15,34,11,7,54,165,17,22,3,7,43,49,4,124,139,39,23,129,47,28,27,8,68,25,71,9,16,59,161,23,17,38,94,57,97,53,16,5,126,70,8,262,6,22,115,172,60,36,11,247,31,15,127,120,67,4,36,17,8,184,35,38,31,55,62,117,17,126,13
S128,7,49,97,198,14,16,6,73,7,6,181,49,9,206,51,97,14,8,209,9,24,36,27,14,25,77,10,22,16,134,43,7,21,8,9,78,108,13,23,3,9,28,40,7,121,128,16,15,119,59,31,23,7,87,43,71,4,16,38,140,24,21,39,84,48,63,49,13,10,134,59,12,312,4,21,115,221,92,31,15,191,25,6,96,126,58,6,38,15,4,105,38,34,38,36,74,103,21,184,13
S129,2,39,82,188,26,16,6,96,5,4,176,69,7,200,57,116,16,11,226,7,24,45,30,5,20,96,10,17,8,143,57,10,30,11,9,61,154,18,9,4,14,33,38,11,82,121,24,28,142,56,24,19,7,67,25,63,5,14,42,106,20,14,25,62,58,102,36,17,4,124,60,8,409,8,22,106,237,77,25,8,143,19,11,121,76,68,3,27,11,10,169,46,40,56,37,74,120,24,143,20
S130,10,36,80,207,17,15,3,95,13,6,188,39,5,194,52,103,16,10,207,5,21,38,18,10,27,90,17,15,12,142,69,9,26,16,6,88,136,8,17,4,13,43,30,11,94,176,46,16,124,54,19,27,2,50,36,71,8,15,51,154,22,15,43,91,58,83,54,14,4,83,68,10,236,4,25,106,223,72,25,6,176,24,6,120,119,50,5,50,18,10,131,34,27,55,36,57,117,30,184,17
S131,4,23,87,271,38,8,5,52,5,5,231,23,18,188,62,259,30,3,329,10,54,50,28,11,27,65,23,28,4,174,33,12,11,3,11,72,146,18,18,2,10,31,29,9,140,83,29,19,126,53,25,23,7,73,23,50,7,17,50,122,18,9,49,70,43,67,52,12,4,122,50,15,227,2,22,114,184,77,29,12,140,17,11,84,121,70,5,29,15,15,155,55,35,46,26,54,98,18,179,25
S132,11,36,56,164,29,21,4,104,11,15,138,73,19,183,58,109,10,8,183,5,23,42,22,11,13,84,10,16,18,136,84,11,21,10,4,69,160,12,23,2,13,28,18,6,121,119,20,19,136,42,27,22,1,90,28,92,1,21,52,172,24,12,34,77,52,83,33,9,7,115,58,9,196,4,29,122,224,62,40,28,203,34,18,149,150,45,5,34,18,10,168,38,40,43,31,71,94,18,172,22
S133,19,62,27,62,70,29,16,81,11,10,77,86,8,89,66,148,17,15,102,7,31,38,20,17,13,137,14,9,11,132,60,6,29,10,9,60,157,12,16,4,10,26,42,7,178,105,25,23,137,76,32,19,5,54,30,83,9,23,57,216,20,12,26,97,42,71,55,12,7,161,52,14,260,6,23,121,263,62,24,20,171,26,16,112,122,61,5,48,17,10,139,51,27,61,51,82,106,26,148,20
S134,10,52,56,116,37,18,13,102,6,3,91,69,12,129,70,115,19,7,168,7,27,48,20,5,24,74,18,14,11,142,55,10,20,14,6,82,157,15,12,5,10,35,16,19,121,82,37,27,131,77,41,18,6,84,33,64,10,27,49,173,20,13,44,69,54,91,39,18,4,119,65,7,298,6,23,102,211,90,30,9,229,37,10,103,105,62,9,29,19,14,205,48,28,50,31,79,129,31,127,19
S135,5,20,215,92,63,9,4,98,4,8,124,29,15,283,157,80,9,2,133,2,25,47,25,16,11,124,7,3,9,142,53,6,31,16,2,58,115,9,13,8,10,35,39,9,155,122,21,16,130,56,29,19,8,60,31,51,1,17,67,157,25,15,46,66,44,88,33,16,9,113,34,14,242,7,14,100,225,65,18,16,156,19,15,81,145,57,3,28,18,14,149,43,38,58,38,75,94,19,119,12
S136,5,34,99,170,27,13,2,100,10,8,153,64,19,224,67,80,16,5,155,4,14,43,20,5,16,93,11,10,10,141,77,9,27,14,4,77,148,23,20,5,16,34,26,13,131,117,16,17,187,53,25,30,1,79,30,86,4,28,46,123,25,13,38,81,57,74,30,18,10,133,62,5,221,5,22,115,257,80,46,19,171,29,10,108,135,57,7,30,18,18,128,40,27,33,49,90,100,20,142,20
S137,4,47,86,291,45,8,1,44,1,3,235,36,19,153,54,260,36,8,315,9,37,48,14,15,24,59,13,25,4,137,19,12,14,9,10,67,113,15,4,4,10,29,32,8,123,98,19,9,99,53,19,20,1,75,31,37,8,19,41,154,17,15,27,105,47,73,28,12,10,143,66,16,221,8,22,125,169,66,42,15,118,37,11,99,128,65,9,25,17,6,113,33,24,45,40,62,107,16,116,11
S138,4,39,72,187,20,12,8,77,7,2,158,58,8,188,67,112,13,9,186,8,24,42,27,13,19,105,11,6,11,146,67,8,26,7,4,71,112,18,9,8,6,29,50,5,101,92,37,18,124,54,26,18,2,61,38,72,5,24,43,166,22,12,28,89,57,74,41,16,9,86,85,15,231,10,22,87,225,79,28,8,221,21,13,126,130,47,5,36,11,20,158,37,24,54,33,84,92,32,163,29
S139,10,35,73,229,41,7,7,64,9,2,208,33,10,160,59,182,28,8,281,4,37,40,16,5,16,54,21,6,11,128,57,1,34,9,5,81,132,15,16,4,12,24,29,9,84,169,13,18,137,55,35,12,1,48,31,49,5,19,27,112,18,21,51,111,53,79,41,15,8,107,60,9,216,7,13,79,192,66,22,9,158,25,18,113,122,51,6,37,20,11,120,36,39,48,27,76,127,26,172,21
S140,7,42,78,198,24,10,3,87,6,4,149,38,6,196,60,103,25,8,201,9,21,61,18,12,22,144,10,14,5,134,84,13,19,10,3,47,179,8,14,6,13,28,29,11,136,138,26,20,122,58,33,25,4,81,23,53,4,29,40,129,18,13,50,57,38,66,44,10,5,128,53,10,258,3,13,100,286,90,45,16,173,18,17,84,99,72,5,28,22,2,144,28,34,48,29,69,79,23,116,13
S141,29,64,44,56,69,18,10,100,5,8,69,73,6,99,87,160,13,11,126,4,14,45,33,3,27,99,4,11,11,182,37,8,19,9,5,52,129,17,17,10,15,34,46,15,132,98,29,24,130,58,32,31,3,77,29,85,10,18,50,140,27,11,46,98,54,88,43,16,11,112,65,15,288,6,14,115,278,95,29,17,155,22,26,105,132,53,7,44,20,9,152,36,24,52,45,73,137,36,130,20
S142,7,27,89,153,23,15,8,76,4,10,151,35,15,245,75,100,11,5,129,3,25,43,23,6,23,65,15,16,12,105,90,10,31,14,5,61,158,17,18,6,9,32,33,13,145,118,33,15,127,59,31,33,5,54,24,74,3,22,40,147,12,15,39,70,61,71,53,14,5,107,60,10,229,4,18,135,209,77,31,15,177,25,7,117,122,53,8,31,16,11,156,48,34,39,55,76,125,36,148,13
S143,24,62,44,45,67,26,20,99,4,9,78,85,6,73,70,149,9,7,124,7,28,50,23,3,12,91,16,11,14,144,68,8,34,8,7,84,140,17,26,1,11,32,32,8,120,127,32,19,150,31,35,27,7,62,27,62,4,22,60,191,11,7,28,113,37,107,40,17,9,144,68,12,237,3,19,106,291,87,33,14,189,28,9,89,120,63,10,55,16,13,149,51,34,35,45,102,110,20,116,16
S144,21,41,48,64,50,18,15,105,7,7,87,79,11,82,70,137,8,13,135,11,13,49,23,11,12,109,11,12,18,161,69,6,31,5,5,83,150,15,14,3,11,28,35,10,116,95,29,14,146,67,36,33,4,68,29,74,4,15,49,165,16,10,36,92,79,76,32,24,4,117,82,16,231,4,27,95,211,77,33,12,192,23,16,104,203,50,10,33,28,22,124,39,30,55,43,62,134,32,163,24
S145,7,38,115,155,23,11,9,89,4,5,160,50,13,219,43,93,17,11,205,6,33,45,20,17,12,124,12,9,9,146,76,4,27,14,8,59,143,13,17,3,9,17,34,10,133,84,25,14,140,46,22,33,4,39,25,67,9,18,44,160,17,15,34,65,69,79,39,11,4,124,74,9,302,5,26,68,251,66,32,11,219,31,12,87,182,57,12,45,10,18,105,42,40,38,32,68,137,16,106,16
S146,7,26,119,155,30,5,7,110,6,11,154,60,22,267,92,111,10,0,140,3,29,46,20,10,21,81,9,18,11,154,83,12,20,13,3,75,120,13,16,3,12,28,35,6,131,127,26,23,142,50,30,24,5,84,26,78,10,22,50,130,20,11,37,53,42,64,52,9,4,106,70,14,259,10,14,134,216,63,29,19,189,27,16,109,83,78,4,39,21,11,141,25,20,42,32,54,129,21,152,28
S147,18,30,82,261,37,7,2,60,10,5,213,30,15,181,74,237,29,12,327,6,24,27,24,6,21,62,21,14,13,134,50,6,23,10,5,69,111,13,9,10,6,32,26,9,116,124,16,24,126,39,26,29,4,66,22,61,5,13,40,145,19,23,35,72,55,86,27,10,7,72,66,11,205,2,16,90,196,60,27,12,198,30,10,74,96,63,9,38,14,11,118,41,25,53,41,51,101,22,157,22
S148,7,39,86,247,30,15,4,59,6,8,185,30,15,148,70,163,25,6,249,5,25,38,14,13,7,153,12,7,5,113,54,3,18,10,3,69,132,12,17,6,6,27,34,11,133,119,28,15,116,58,32,27,5,69,31,47,10,17,44,146,24,15,39,87,53,60,39,19,6,124,55,10,279,1,23,142,192,88,18,10,166,33,14,117,105,69,7,29,13,8,109,46,31,35,28,61,113,20,142,11
S149,11,27,125,153,29,6,8,107,5,4,190,54,20,262,29,59,35,24,258,8,35,33,12,15,36,88,7,23,6,182,35,16,21,8,6,61,156,7,17,6,12,25,37,14,80,90,20,24,124,39,25,31,5,53,25,67,8,15,40,146,42,15,43,88,54,83,26,18,7,146,66,10,212,5,21,123,269,80,28,23,264,20,19,90,114,54,9,38,27,2,94,51,30,50,22,68,118,25,123,15
S150,9,31,68,220,30,13,4,61,6,7,214,33,8,174,78,159,25,3,250,8,20,32,20,14,10,137,11,6,2,130,50,4,33,14,5,45,134,17,9,6,8,38,23,18,132,139,22,12,88,44,27,24,1,64,27,75,4,21,59,157,20,12,37,78,43,67,48,12,7,129,60,11,274,8,20,115,201,58,32,11,153,32,18,101,95,57,9,32,16,4,122,28,27,25,42,65,108,21,118,17
S151,7,46,89,187,21,12,5,92,7,6,176,47,7,232,58,80,16,10,203,7,13,30,27,7,23,55,20,23,9,142,101,14,18,11,3,94,156,14,18,7,8,23,29,12,145,150,31,21,94,44,25,21,5,77,21,81,2,27,39,170,21,13,37,82,36,75,35,16,4,90,68,12,183,6,29,86,253,53,26,13,223,22,10,122,89,55,11,39,12,11,162,30,19,45,39,76,113,31,148,12
S152,12,42,62,206,15,12,10,84,8,8,166,48,16,200,73,87,13,3,174,12,19,41,15,11,19,69,12,14,15,142,72,5,24,5,5,72,133,14,9,2,9,23,33,11,157,114,27,16,138,61,38,28,4,43,21,85,3,17,42,137,13,11,41,91,68,83,47,20,6,134,46,15,236,2,14,108,235,88,26,15,183,19,11,94,115,68,6,29,23,12,183,25,18,53,33,101,87,24,183,21
S153,8,39,88,281,23,12,2,64,9,8,189,44,10,179,76,170,26,11,265,6,21,40,36,4,21,81,6,10,14,156,65,9,31,11,4,67,140,14,9,8,14,39,37,10,113,100,21,19,150,59,32,27,8,74,25,58,4,26,50,180,11,13,32,81,46,76,43,16,5,97,49,7,243,5,17,81,187,77,29,18,195,25,13,74,129,39,6,35,14,7,138,33,35,62,37,73,87,27,117,21
S154,3,19,123,135,36,12,5,118,8,6,133,35,15,206,99,97,13,9,158,3,35,49,18,10,21,69,13,14,11,151,44,20,13,10,7,66,123,10,17,5,10,25,46,19,96,98,25,23,106,49,30,32,3,70,34,69,8,38,47,174,16,10,40,54,37,53,43,17,5,104,61,16,223,4,23,135,242,76,21,22,186,30,10,94,133,42,3,41,22,2,164,16,26,61,38,79,108,33,123,11
S155,8,35,99,175,24,14,4,96,6,8,177,55,11,223,90,100,23,6,154,5,30,27,36,12,14,99,25,15,12,111,103,7,18,16,8,72,151,11,9,8,9,28,25,7,121,92,30,18,95,36,30,32,3,69,30,90,9,20,26,142,18,12,29,53,41,64,48,14,4,112,66,12,246,10,25,143,244,75,22,13,242,28,15,91,154,69,7,44,12,5,131,45,40,57,43,71,86,25,131,16
S156,9,26,77,174,20,12,8,122,6,2,176,49,22,228,41,69,23,14,228,7,46,27,14,11,22,54,17,14,18,119,39,4,29,8,9,90,165,14,13,9,10,42,36,10,131,93,27,21,168,53,30,24,4,52,27,66,8,19,32,158,24,23,38,81,53,60,54,17,3,116,47,15,296,7,20,103,220,65,32,13,156,25,11,96,124,67,9,43,18,5,114,34,29,66,39,66,113,23,125,19
S157,5,32,101,186,27,6,3,91,4,7,133,39,13,225,86,89,15,5,162,3,40,60,20,10,27,74,20,21,10,160,38,17,20,8,6,84,113,14,13,7,9,25,30,7,134,117,23,19,131,65,32,20,9,48,30,87,6,23,40,140,19,15,49,123,56,65,45,15,8,107,59,9,225,5,22,102,165,97,25,19,214,15,14,136,103,73,11,35,18,10,121,41,34,64,43,90,123,21,134,18
S158,9,35,82,270,35,5,1,50,7,4,244,39,16,157,63,217,28,6,287,3,24,41,16,7,13,64,17,14,13,92,52,7,24,8,4,70,137,13,18,9,9,31,36,14,147,80,13,13,137,58,21,25,2,53,34,37,1,18,41,153,17,11,33,93,45,51,46,22,2,131,81,16,319,4,13,118,227,73,21,9,168,17,9,87,177,49,8,28,23,9,112,42,27,32,32,65,118,20,119,16
S159,5,15,234,122,49,19,6,131,3,5,101,33,18,330,173,96,4,5,103,1,22,43,23,12,21,97,11,20,12,128,57,8,20,15,6,63,121,12,15,9,7,24,33,15,137,109,29,10,106,42,35,16,3,86,36,56,7,10,60,196,20,14,39,68,55,71,54,17,5,120,61,15,242,4,24,78,210,95,29,9,153,32,17,86,147,62,4,27,26,13,142,40,31,52,35,68,130,25,146,16
S160,14,40,79,285,34,5,4,66,4,8,185,26,18,169,71,239,22,6,316,5,46,48,19,19,34,74,11,23,6,161,31,17,12,4,10,68,148,13,12,4,12,23,40,8,101,105,18,15,126,33,41,21,1,56,29,60,6,24,47,132,14,14,35,81,48,71,55,15,10,107,49,10,243,3,10,114,196,49,24,17,277,20,13,80,112,56,7,43,13,9,116,48,25,51,45,41,82,17,158,23
S161,7,49,51,101,41,15,8,97,5,4,110,80,11,130,80,123,18,13,140,10,21,58,18,12,6,163,14,0,5,138,52,2,23,7,3,64,146,15,12,4,10,32,38,5,169,104,22,20,158,63,26,21,5,58,29,72,7,21,46,146,27,16,36,74,56,71,71,12,8,123,47,13,311,7,18,116,211,64,35,8,191,21,9,80,130,72,10,53,14,16,137,39,32,47,47,111,83,33,148,31
S162,7,23,97,181,25,19,7,96,8,4,144,40,12,213,88,95,9,7,145,2,27,44,28,7,23,90,7,16,11,141,59,7,22,9,6,73,156,14,15,3,7,32,51,3,135,99,30,25,142,52,28,31,3,54,34,58,5,20,45,181,21,17,39,83,67,58,33,9,3,131,58,7,253,3,16,77,269,89,16,10,180,40,9,89,131,54,4,55,15,10,117,31,39,41,41,58,115,15,127,20
S163,6,32,100,146,28,16,3,114,3,6,157,45,11,231,81,96,10,10,138,7,17,47,31,5,27,92,5,12,7,148,46,7,28,10,10,63,112,6,13,3,7,36,44,10,143,130,17,11,129,47,23,29,3,76,27,71,4,16,64,188,19,20,47,83,55,88,44,15,3,98,48,6,304,2,25,104,197,101,32,14,173,29,13,101,160,54,5,39,14,14,199,29,20,54,41,80,83,28,122,18
S164,19,52,39,67,70,31,14,92,10,7,91,104,10,95,72,155,11,10,122,10,26,43,24,14,5,122,9,7,11,169,55,3,32,9,5,65,109,18,16,7,7,34,28,12,136,99,17,14,134,89,30,42,3,36,37,70,12,24,33,154,17,14,50,69,59,85,46,13,4,131,55,8,410,5,16,95,184,78,32,12,174,21,21,114,133,77,5,36,22,17,163,41,29,52,40,65,163,24,130,18
S165,7,41,83,283,42,7,4,41,10,3,198,33,10,167,54,224,26,9,313,8,16,49,31,2,26,111,2,17,10,165,43,15,22,9,10,58,75,24,7,5,11,37,22,5,107,96,28,18,112,48,29,18,1,74,38,48,6,9,49,192,15,9,42,87,41,59,35,13,6,136,58,8,371,4,14,120,205,63,23,12,152,27,11,92,125,46,6,42,23,9,175,29,27,56,31,66,96,9,122,32
S166,16,45,42,86,47,19,11,88,8,7,94,74,7,94,74,144,12,11,137,6,34,48,18,26,6,172,11,8,9,161,63,3,37,10,1,58,155,16,19,9,11,36,30,8,135,86,24,23,170,48,28,12,2,77,27,91,9,28,33,199,23,21,38,102,48,89,56,13,7,125,82,10,238,6,33,128,228,76,32,20,210,30,17,108,108,53,7,37,15,15,165,32,44,44,28,64,120,28,179,13
S167,7,28,84,232,28,8,1,55,5,6,218,41,14,178,60,179,28,12,257,7,38,17,9,1,13,35,25,26,17,104,35,5,64,11,18,116,125,17,12,10,11,40,47,7,159,145,21,12,98,73,35,16,6,78,21,59,8,14,38,135,17,18,41,61,43,93,53,18,10,96,65,9,191,0,28,102,172,91,36,17,177,35,14,98,132,59,10,44,15,12,139,38,32,51,45,57,114,22,158,22
S168,9,28,130,169,26,9,3,94,4,3,171,45,22,241,40,83,20,16,237,9,46,15,20,6,15,30,23,9,22,78,30,0,49,11,18,135,139,12,11,3,6,33,43,13,132,113,16,21,115,51,24,29,4,58,25,66,9,15,48,161,20,21,54,89,49,67,43,11,5,99,56,8,257,6,17,132,291,59,29,25,197,45,12,102,122,61,5,44,17,11,145,17,26,48,32,61,104,16,141,20
S169,8,28,84,247,33,12,2,65,5,9,180,31,28,157,70,234,35,9,325,2,11,42,24,5,27,97,6,16,14,156,47,8,19,10,5,57,150,13,12,10,11,43,40,11,96,125,20,13,114,44,20,25,3,47,19,63,8,21,29,163,11,15,28,93,44,70,38,14,3,117,49,7,238,3,23,110,237,80,34,8,174,24,4,88,118,40,5,24,31,6,84,37,29,43,22,57,73,18,88,20
S170,4,47,63,131,26,19,3,110,5,8,145,61,18,130,70,123,10,13,172,10,21,48,24,18,19,82,22,12,20,113,86,3,18,9,3,82,157,10,17,8,10,34,26,10,158,123,29,18,182,50,45,31,4,58,39,87,7,22,59,151,34,13,32,91,59,66,59,16,9,89,76,6,215,6,9,88,244,72,27,17,202,24,15,84,153,77,3,33,22,8,109,42,49,36,35,64,142,22,130,27
S171,21,55,41,68,57,23,5,90,4,9,88,68,10,80,70,151,11,9,112,11,34,39,18,15,11,163,10,6,6,135,49,4,35,9,4,57,162,12,12,5,4,47,21,7,108,122,51,17,102,74,38,20,7,67,36,79,11,13,56,166,22,16,46,101,54,79,44,16,8,153,60,8,300,11,20,129,296,75,37,5,160,25,12,73,132,84,11,38,20,12,146,35,28,40,37,52,131,37,146,27
S172,4,23,93,179,22,6,6,112,7,2,181,51,15,229,41,71,24,21,239,8,31,25,20,20,17,113,11,6,6,114,35,5,25,12,4,56,99,11,19,9,10,31,38,11,90,106,16,23,128,36,40,25,4,46,18,76,7,23,49,165,21,19,32,90,47,125,40,13,9,136,54,11,223,5,10,118,168,92,25,19,197,31,13,75,126,50,2,45,24,16,142,47,42,22,61,77,150,22,139,19
S173,9,35,71,267,48,6,1,46,5,8,211,28,25,160,70,255,34,4,340,9,34,34,12,7,13,62,16,17,9,134,73,5,9,7,6,62,134,17,15,8,12,30,40,4,137,120,20,17,114,44,34,21,4,69,28,62,6,33,37,139,5,12,35,109,60,54,29,11,10,136,65,9,206,1,16,90,227,64,33,13,151,17,9,83,97,59,12,50,15,10,112,29,25,46,28,73,94,25,107,19
S174,7,33,88,203,25,11,6,100,8,4,183,59,12,235,55,71,16,16,196,8,34,20,24,6,25,47,22,12,18,112,44,3,46,10,10,81,122,20,10,6,12,32,43,12,115,112,27,14,118,68,12,26,5,73,24,72,9,16,52,115,17,9,44,96,40,58,55,10,6,93,73,11,248,8,25,103,228,92,36,11,230,37,12,105,117,68,7,46,23,9,171,30,36,43,35,82,111,25,128,16
S175,6,24,103,154,21,12,9,118,5,1,192,40,21,272,26,68,28,17,258,7,33,41,25,10,12,130,11,8,10,139,59,5,26,11,8,72,135,12,14,5,14,40,22,15,132,123,17,14,129,58,34,18,8,59,24,63,5,19,54,159,23,9,36,70,51,68,69,17,8,95,59,9,272,6,15,131,213,91,27,11,175,25,13,117,117,43,5,28,12,8,121,31,25,26,24,56,81,24,191,17
S176,5,34,83,229,22,11,1,89,7,10,161,38,15,209,70,98,22,6,214,7,28,50,25,13,13,110,10,12,15,124,79,7,18,13,11,84,142,14,21,9,8,31,42,13,127,94,22,19,116,52,23,19,5,53,23,53,2,21,58,148,26,24,26,95,58,80,51,9,4,150,57,9,272,6,27,107,185,68,32,21,198,38,16,119,133,75,8,36,26,14,106,29,35,40,37,60,147,18,126,18
S177,13,43,82,247,46,10,3,44,4,7,211,44,18,149,66,244,24,12,281,5,14,36,20,4,17,93,10,13,13,164,44,9,21,12,8,55,191,5,3,7,10,30,34,6,90,131,26,14,115,48,32,23,3,68,23,46,6,21,63,112,11,19,20,84,56,55,33,12,4,121,61,12,237,6,25,84,148,76,28,12,146,23,9,99,132,44,5,40,18,7,174,46,25,43,27,61,121,18,112,20
S178,8,41,62,211,20,14,4,90,7,7,175,50,11,188,67,126,18,7,177,6,22,40,26,8,17,98,7,13,16,131,76,10,27,9,4,72,124,10,12,10,17,48,27,8,162,119,21,18,119,64,38,31,3,71,13,73,3,22,50,141,15,19,30,95,32,64,50,13,3,136,69,7,292,2,20,73,193,59,24,14,129,22,5,120,178,75,15,36,21,11,179,45,30,43,34,93,137,29,169,14
S179,13,32,64,274,39,11,3,60,7,4,173,29,10,189,65,195,17,7,309,4,46,38,22,7,24,67,13,16,8,134,28,7,18,8,4,55,162,10,17,10,12,34,27,10,118,94,35,20,83,38,32,21,6,60,31,70,8,10,58,157,17,18,35,56,51,65,24,13,2,106,45,13,311,1,11,69,336,82,27,13,184,26,12,84,158,69,2,50,22,9,121,18,42,50,31,75,140,26,86,16
S180,4,54,77,188,24,10,3,82,5,9,175,47,17,194,69,102,17,12,181,5,22,38,23,10,19,88,14,14,11,125,62,6,31,10,6,59,91,21,11,14,13,35,32,6,148,82,13,17,152,62,23,19,3,40,18,74,3,23,62,203,17,19,23,87,43,80,41,14,3,110,59,12,298,10,20,118,215,83,31,20,171,22,8,95,142,70,8,35,13,9,153,35,34,42,35,71,120,22,138,15
S181,18,55,42,78,48,25,9,92,5,9,99,60,11,85,85,127,10,6,134,9,53,22,22,2,24,33,29,19,11,92,37,5,59,12,18,132,152,20,13,7,9,33,43,14,136,100,29,22,106,58,39,28,5,44,30,60,8,17,60,211,16,16,35,110,40,83,27,17,8,105,81,8,393,5,23,82,232,76,34,27,134,34,9,137,132,56,9,43,29,10,125,48,32,31,37,79,79,21,180,23
S182,21,55,35,65,91,34,17,100,5,4,75,79,10,75,80,153,11,11,132,8,31,34,18,8,9,75,12,10,15,134,84,7,39,11,4,88,138,19,14,5,8,36,41,9,127,106,18,22,151,70,22,23,4,76,37,76,8,12,53,223,20,27,39,90,54,67,54,15,3,155,66,9,249,3,30,87,220,90,34,19,155,26,9,91,136,66,7,47,17,12,167,34,24,42,32,68,127,13,226,14
S183,14,36,61,281,32,11,3,35,6,1,200,28,12,159,65,261,36,6,322,9,27,42,11,6,10,80,10,10,14,128,63,3,26,12,3,62,101,13,10,8,12,24,34,5,113,135,26,13,135,59,20,19,4,66,23,66,6,17,39,160,15,12,27,81,35,60,44,16,6,114,52,16,229,4,13,77,183,55,32,10,183,18,10,121,120,40,7,31,13,13,122,28,35,34,38,69,118,29,128,14
S184,15,52,64,154,25,18,5,95,4,4,141,60,9,165,51,120,17,9,162,8,27,28,24,21,19,77,22,10,7,102,100,4,14,13,5,77,154,12,23,5,8,20,47,7,143,118,32,19,97,49,41,30,6,85,31,81,3,20,49,154,17,13,29,131,47,67,38,12,9,151,48,15,244,4,18,92,261,57,24,16,173,29,15,111,143,63,13,35,30,4,132,29,31,40,32,88,134,22,134,15
S185,6,20,112,145,31,11,6,106,9,8,127,32,22,251,101,87,7,3,136,4,20,42,29,7,20,70,14,13,15,121,67,6,31,9,4,73,127,21,10,5,16,20,29,5,138,117,41,21,134,42,27,25,9,58,18,61,8,11,76,121,17,25,35,79,70,80,41,21,8,128,78,9,236,8,26,126,233,63,27,11,251,36,15,97,127,93,3,46,20,11,100,35,33,40,44,88,71,20,130,11
S186,7,29,124,159,28,12,8,124,1,10,136,41,16,243,108,85,16,4,168,4,51,46,11,22,30,76,17,25,9,171,33,22,20,10,5,94,110,16,15,9,8,29,36,8,116,114,24,17,107,60,34,19,8,80,22,82,8,19,45,104,24,15,37,87,61,84,38,19,7,128,53,8,302,4,18,117,272,88,38,3,162,28,14,75,162,40,4,35,25,8,107,26,49,51,38,63,87,39,168,21
S187,8,38,90,299,38,5,3,45,2,3,234,33,20,178,77,273,32,8,325,5,40,50,17,6,27,79,15,28,4,204,27,18,15,4,4,61,110,17,16,5,7,30,31,8,120,115,13,20,137,38,23,26,3,66,29,66,8,21,41,122,23,10,48,87,46,53,29,15,4,91,48,8,205,4,24,68,225,63,14,10,141,28,20,124,138,58,4,47,11,13,122,38,25,39,37,72,119,24,144,25
S188,10,47,81,231,30,5,3,65,9,11,206,36,16,176,84,192,25,8,237,1,47,52,26,8,30,86,19,22,7,135,48,11,26,10,9,58,121,12,15,7,12,36,34,13,92,128,20,21,144,72,20,24,4,51,29,78,9,22,44,125,22,7,41,70,34,63,41,9,2,92,85,4,237,8,10,115,223,51,22,16,155,30,13,123,147,62,7,36,25,7,150,37,30,40,43,55,88,18,114,22
S189,3,59,54,138,24,19,6,87,6,8,139,59,11,154,67,103,13,6,156,7,19,49,25,11,12,110,9,12,12,152,92,11,19,16,3,60,161,11,10,5,14,40,31,5,138,101,20,27,150,60,49,20,3,60,18,54,11,22,49,138,33,16,39,79,62,57,26,14,12,121,84,7,301,4,25,189,264,81,22,12,217,24,12,117,133,72,7,52,13,4,114,32,31,59,48,101,103,17,127,23
S190,7,11,144,154,31,8,5,90,8,10,135,38,27,284,116,95,10,9,113,2,20,46,17,12,22,86,16,22,7,141,39,10,14,6,9,68,144,14,21,3,12,21,22,6,134,168,21,23,96,34,21,21,7,61,29,66,4,23,57,151,15,10,29,96,52,70,43,23,2,122,80,12,259,4,14,110,203,94,18,12,148,25,12,99,164,53,11,38,14,8,189,31,25,34,49,38,172,13,173,28
S191,4,40,58,188,23,15,5,89,6,6,163,56,9,182,73,87,11,8,174,5,23,40,20,11,19,111,10,10,10,137,71,9,16,10,5,69,140,10,18,4,13,27,26,11,139,114,23,31,120,61,40,32,4,58,33,94,6,20,37,176,23,14,39,76,72,66,30,23,2,103,77,8,275,2,10,86,204,76,19,15,156,19,2,120,108,61,8,26,18,5,148,33,45,37,39,77,99,17,146,24
S192,9,36,76,193,17,21,3,82,3,12,165,56,13,174,67,87,19,11,175,3,24,40,22,8,14,77,12,14,10,138,64,7,25,15,2,84,171,17,19,4,10,25,35,10,118,80,28,16,104,77,22,22,8,67,24,64,5,36,37,154,16,15,42,103,49,71,39,19,10,136,48,8,232,8,12,123,203,59,44,16,174,18,15,145,113,56,3,48,20,12,159,33,47,60,37,90,114,22,166,21
S193,12,42,79,244,24,13,6,67,11,5,192,46,13,171,75,155,23,4,267,6,10,37,35,1,19,91,2,11,7,164,50,12,27,11,7,59,184,11,16,2,6,33,50,7,118,133,26,21,131,58,42,27,4,87,28,61,2,26,45,126,22,13,30,93,61,61,35,20,8,136,54,7,204,1,21,111,180,66,33,12,163,27,14,118,122,42,6,41,21,14,131,39,25,45,30,68,107,26,172,25
S194,40,40,38,61,84,25,16,89,9,9,79,92,8,84,61,168,13,7,118,10,46,53,15,16,29,82,18,24,15,181,35,10,18,9,8,89,146,13,14,4,13,42,26,14,104,148,23,23,124,45,27,20,1,58,18,75,6,21,33,134,35,15,35,76,62,88,44,19,8,114,73,18,250,3,23,121,201,99,28,11,172,18,11,97,170,67,11,50,14,10,156,33,34,63,25,62,127,25,187,19
S195,6,27,114,166,29,10,8,88,7,5,146,41,13,215,115,82,13,4,133,3,12,54,28,3,25,101,5,11,9,180,40,9,26,11,6,63,178,10,21,7,10,40,40,8,85,92,22,20,150,62,26,28,7,55,36,69,4,21,43,183,23,10,41,75,52,63,47,13,8,112,57,11,196,3,20,89,245,65,20,11,256,25,14,97,114,49,2,25,23,16,151,25,25,53,31,92,110,27,194,22
S196,11,41,68,195,12,12,6,88,3,3,157,54,12,182,64,104,15,9,173,7,27,44,24,8,16,77,21,10,16,133,69,10,14,9,4,69,157,9,16,4,9,36,36,10,111,110,19,23,113,43,27,20,4,59,26,50,4,26,53,142,20,16,49,93,57,61,44,7,7,102,58,16,209,1,12,91,323,50,32,15,188,35,15,102,122,47,11,26,19,25,135,27,28,36,41,77,121,27,163,16
S197,8,36,79,255,31,8,0,51,4,6,169,41,12,164,54,172,18,8,243,6,7,55,18,2,29,104,7,11,8,153,40,12,20,5,4,63,115,13,20,9,10,42,34,3,120,96,27,19,109,41,26,20,5,62,24,50,9,19,58,188,29,17,38,68,50,63,46,13,10,114,52,12,273,6,24,100,188,71,34,11,250,25,11,113,135,75,7,60,25,6,113,32,28,36,37,67,123,14,116,11
S198,24,41,59,81,49,25,7,98,5,11,97,71,12,89,69,161,13,6,118,5,10,40,25,4,22,119,8,13,8,179,48,9,30,13,5,72,172,7,23,7,6,40,33,11,112,122,33,14,113,67,29,30,6,84,30,60,9,19,57,152,25,19,38,95,49,76,35,13,3,158,69,5,246,2,29,112,235,84,30,18,163,21,11,99,143,74,6,36,12,8,115,32,33,48,36,90,136,34,187,24
S199,10,44,87,271,37,6,3,47,6,3,226,30,17,206,66,250,29,8,280,4,14,37,20,16,20,92,13,5,7,138,54,5,29,9,3,64,148,7,10,3,10,24,37,6,104,110,26,11,93,45,38,28,5,51,21,65,4,10,53,159,18,17,31,66,67,55,51,25,7,99,66,11,232,7,18,95,256,85,36,13,121,34,13,100,115,81,4,36,16,10,129,30,21,30,35,80,108,18,135,20
